City,Weather_Condition,Temperature
Accra,Fri 9:05 pm,
Addis Ababa,Sat 12:05 am,
Adelaide,Sat 6:35 am,
Algiers,Fri 10:05 pm,
Almaty,Sat 2:05 am,
Amman,Sat 12:05 am,
Amsterdam *,Fri 11:05 pm,
Anadyr,Sat 9:05 am,
Anchorage *,Fri 1:05 pm,
Ankara,Sat 12:05 am,
Antananarivo,Sat 12:05 am,
Asuncion,Fri 6:05 pm,
Athens *,Sat 12:05 am,
Atlanta *,Fri 5:05 pm,
Auckland,Sat 9:05 am,
Baghdad,Sat 12:05 am,
Bangkok,Sat 4:05 am,
Barcelona *,Fri 11:05 pm,
Beijing,Sat 5:05 am,
Belgrade *,Fri 11:05 pm,
Bengaluru,Sat 2:35 am,
Berlin *,Fri 11:05 pm,
Bogota,Fri 4:05 pm,
Boston *,Fri 5:05 pm,
Brasilia,Fri 6:05 pm,
Brisbane,Sat 7:05 am,
Brussels *,Fri 11:05 pm,
Bucharest *,Sat 12:05 am,
Budapest *,Fri 11:05 pm,
Buenos Aires,Fri 6:05 pm,
Cairo *,Sat 12:05 am,
Calgary *,Fri 3:05 pm,
Canberra,Sat 7:05 am,
Cape Town,Fri 11:05 pm,
Caracas,Fri 5:05 pm,
Casablanca *,Fri 10:05 pm,
Chicago *,Fri 4:05 pm,
Copenhagen *,Fri 11:05 pm,
Dallas *,Fri 4:05 pm,
Dar es Salaam,Sat 12:05 am,
Darwin,Sat 6:35 am,
Denver *,Fri 3:05 pm,
Detroit *,Fri 5:05 pm,
Dhaka,Sat 3:05 am,
Doha,Sat 12:05 am,
Dubai,Sat 1:05 am,
Dublin *,Fri 10:05 pm,
