City,Local_Time,Temperature
Accra,Tue 7:57 pm,81 °F
Addis Ababa,Tue 10:57 pm,72 °F
Adelaide,Wed 5:27 am,62 °F
Algiers,Tue 8:57 pm,75 °F
Almaty,Wed 12:57 am,64 °F
Amman,Tue 10:57 pm,75 °F
Amsterdam *,Tue 9:57 pm,66 °F
Anadyr,Wed 7:57 am,56 °F
Anchorage *,Tue 11:57 am,55 °F
Ankara,Tue 10:57 pm,70 °F
Antananarivo,Tue 10:57 pm,52 °F
Asuncion,Tue 4:57 pm,66 °F
Athens *,Tue 10:57 pm,80 °F
Atlanta *,Tue 3:57 pm,67 °F
Auckland,Wed 7:57 am,54 °F
Baghdad,Tue 10:57 pm,101 °F
Bangkok,Wed 2:57 am,79 °F
Barcelona *,Tue 9:57 pm,79 °F
Beijing,Wed 3:57 am,66 °F
Beirut *,Tue 10:57 pm,87 °F
Belgrade *,Tue 9:57 pm,66 °F
Bengaluru,Wed 1:27 am,75 °F
Berlin *,Tue 9:57 pm,68 °F
Bogota,Tue 2:57 pm,64 °F
Boston *,Tue 3:57 pm,77 °F
Brasilia,Tue 4:57 pm,79 °F
Brisbane,Wed 5:57 am,59 °F
Brussels *,Tue 9:57 pm,70 °F
Bucharest *,Tue 10:57 pm,68 °F
Budapest *,Tue 9:57 pm,70 °F
Buenos Aires,Tue 4:57 pm,66 °F
Cairo *,Tue 10:57 pm,81 °F
Calgary *,Tue 1:57 pm,61 °F
Canberra,Wed 5:57 am,48 °F
Cape Town,Tue 9:57 pm,57 °F
Caracas,Tue 3:57 pm,84 °F
Casablanca *,Tue 8:57 pm,70 °F
Chicago *,Tue 2:57 pm,74 °F
Copenhagen *,Tue 9:57 pm,57 °F
Dallas *,Tue 2:57 pm,88 °F
Dar es Salaam,Tue 10:57 pm,75 °F
Darwin,Wed 5:27 am,73 °F
Denver *,Tue 1:57 pm,86 °F
Detroit *,Tue 3:57 pm,69 °F
Dhaka,Wed 1:57 am,84 °F
Doha,Tue 10:57 pm,95 °F
Dubai,Tue 11:57 pm,88 °F
